,demand_National Demand Forecast (NDF) - GB (MW)_mean,demand_National Demand Forecast (NDF) - GB (MW)_max,demand_National Demand Forecast (NDF) - GB (MW)_min,demand_National Demand Forecast (NDF) - GB (MW)_spread,demand_National Demand Forecast (NDF) - GB (MW)_std,price_Price average forecast ECMWF ENS United Kingdom day-ahead (£/MWh)_mean,price_Price average forecast ECMWF ENS United Kingdom day-ahead (£/MWh)_max,price_Price average forecast ECMWF ENS United Kingdom day-ahead (£/MWh)_min,price_Price average forecast ECMWF ENS United Kingdom day-ahead (£/MWh)_spread,price_Price average forecast ECMWF ENS United Kingdom day-ahead (£/MWh)_std,wind_wind_fc_neso_mw_mean,wind_wind_fc_neso_mw_max,wind_wind_fc_neso_mw_min,wind_wind_fc_neso_mw_spread,wind_wind_fc_neso_mw_std,solar_solar_fc_neso_mw_mean,solar_solar_fc_neso_mw_max,solar_solar_fc_neso_mw_min,solar_solar_fc_neso_mw_spread,solar_solar_fc_neso_mw_std
2024-06-01,20013.333333333332,24200.0,17441.0,6759.0,2029.5134492236593,64.6575,83.92,45.97,37.95,10.15969755198579,7750.375,8578.0,6138.0,2440.0,524.82393010294,2875.4166666666665,7878.5,0.0,7878.5,3034.1540138414443
2024-06-02,18956.5,24718.5,16060.0,8658.5,2987.569795437206,59.624583333333334,91.6,32.43,59.169999999999995,19.00248541619632,5865.375,6969.0,4738.0,2231.0,741.930901065943,3472.3125,9903.0,0.0,9903.0,3746.7579168166526
2024-06-03,23517.583333333332,27674.5,16896.0,10778.5,3549.271657270185,84.42541666666666,104.37,67.21,37.16000000000001,10.528248947749908,7185.125,7662.0,5739.0,1923.0,492.49474175078666,2031.2291666666667,5361.5,0.0,5361.5,2101.5772026450836
2024-06-04,23226.458333333332,26778.0,18132.0,8646.0,2906.5838715812474,69.42375,84.59,43.89,40.7,11.40662157524609,11911.416666666666,16024.0,7163.0,8861.0,3307.3342860542757,2208.4375,6169.0,0.0,6169.0,2347.3565303776336
2024-06-05,22150.770833333332,26774.5,17547.0,9227.5,2864.4426538051703,63.80291666666667,94.26,39.15,55.11000000000001,19.01633176329977,10154.166666666666,11921.0,6920.0,5001.0,1190.9394051196173,3055.1875,8418.5,0.0,8418.5,3243.005492804275
2024-06-06,23109.395833333332,27128.0,18540.5,8587.5,2743.842160893175,82.06833333333334,106.66,58.26,48.4,14.699285598336042,7733.708333333333,8930.0,5898.0,3032.0,847.976080423861,2784.4166666666665,7641.5,0.0,7641.5,2921.257850230998
2024-06-07,22163.5625,25195.5,18190.0,7005.5,2335.213207436267,69.85666666666667,91.08,44.52,46.559999999999995,13.877758140798276,11148.375,13752.0,6375.0,7377.0,2508.2919498006568,2582.2916666666665,6815.5,0.0,6815.5,2671.061460220518
2024-06-08,19069.416666666668,23355.0,15494.0,7861.0,2413.7821245770183,45.24791666666667,84.43,22.45,61.980000000000004,19.356263333960484,12502.583333333334,14278.0,9822.0,4456.0,1545.154780952851,2821.1041666666665,7876.5,0.0,7876.5,2993.4966067008845
2024-06-09,19308.229166666668,25058.0,15333.0,9725.0,3246.965359073819,32.66791666666666,93.91,-9.29,103.19999999999999,38.27038530147284,9521.25,11212.0,7586.0,3626.0,1199.8022029013605,2808.875,7547.5,0.0,7547.5,2914.3274086082392
2024-06-10,22414.645833333332,27253.0,16765.0,10488.0,3092.2548178057327,51.970416666666665,90.52,1.63,88.89,27.703194993760537,11251.791666666666,14075.0,8032.0,6043.0,1766.8206271784325,2643.1041666666665,7396.0,0.0,7396.0,2812.0789616409465
2024-06-11,24195.291666666668,28628.5,18409.0,10219.5,3257.82911820215,80.87875,106.94,56.63,50.309999999999995,15.165477188983052,7753.208333333333,9447.0,5101.0,4346.0,1597.4756167198595,2737.2916666666665,7219.0,0.0,7219.0,2786.2108089843905
2024-06-12,24945.875,29345.5,19362.5,9983.0,3148.4099791385383,87.41791666666667,104.89,70.35,34.540000000000006,9.983039085571987,2822.9166666666665,4800.0,1405.0,3395.0,1191.5754976780393,2617.2083333333335,7069.0,0.0,7069.0,2740.8306338418283
2024-06-13,24205.541666666668,28918.0,18384.5,10533.5,3369.7089214915454,78.92333333333333,95.12,30.27,64.85000000000001,15.281347728711534,7900.458333333333,14112.0,1885.0,12227.0,4811.704569874757,1909.625,5737.0,0.0,5737.0,2128.0939637333363
2024-06-14,23222.208333333332,27191.0,17729.0,9462.0,2994.8202164108593,63.362500000000004,98.35,27.56,70.78999999999999,22.41462241096394,9670.0,13592.0,6506.0,7086.0,2307.3268176568013,2509.8125,7400.0,0.0,7400.0,2766.0036656759166
2024-06-15,20919.625,25017.0,17513.0,7504.0,2182.2686154052185,72.34583333333333,93.06,45.17,47.89,12.884748286474101,6999.5,7883.0,5889.0,1994.0,667.4426860266244,2652.1458333333335,7204.5,0.0,7204.5,2758.1195999825622
2024-06-16,20051.25,25099.0,16759.5,8339.5,2725.1759057703603,69.54625,97.56,53.24,44.32,13.762371450254589,6670.708333333333,8534.0,4121.0,4413.0,1516.6652343121123,2793.2291666666665,7544.5,0.0,7544.5,2923.7337354945366
2024-06-17,23320.416666666668,27956.5,17832.5,10124.0,3117.4719505263934,78.2175,107.52,48.18,59.339999999999996,16.73733739408626,3695.9166666666665,5134.0,2918.0,2216.0,523.5459297709326,2924.6666666666665,7915.5,0.0,7915.5,3038.7222059489964
2024-06-18,23691.0,27847.5,18827.0,9020.5,2772.9599551820934,86.75291666666668,104.6,72.83,31.769999999999996,9.447008948853076,3898.8333333333335,4935.0,3166.0,1769.0,576.1471480723341,2952.0625,7933.0,0.0,7933.0,3048.2602354974906
2024-06-19,23056.479166666668,27682.0,18661.0,9021.0,2699.646291159861,83.54541666666667,102.19,70.36,31.83,9.873171368021467,4836.791666666667,6191.0,3670.0,2521.0,950.684192027518,2980.0,8279.5,0.0,8279.5,3161.890852143629
2024-06-20,22913.375,27613.0,18529.0,9084.0,2787.285867189583,84.03791666666667,103.62,68.78,34.84,11.37873989323822,3396.9166666666665,5395.0,2171.0,3224.0,918.9454218863038,3330.6041666666665,9257.5,0.0,9257.5,3527.638876504419
2024-06-21,21798.375,25671.5,18337.0,7334.5,2292.340707329139,76.70583333333333,96.07,54.16,41.91,11.978636024794005,6126.083333333333,7824.0,3825.0,3999.0,1346.9909756215136,3036.25,8500.0,0.0,8500.0,3256.3122813871896
2024-06-22,20081.416666666668,23490.5,17545.5,5945.0,1956.0618358827758,75.27583333333332,96.62,52.59,44.03,12.086136116720022,5263.666666666667,7981.0,3300.0,4681.0,1486.0044960627947,3025.625,8479.0,0.0,8479.0,3229.6162958590394
2024-06-23,20483.125,25206.5,16338.5,8868.0,2786.2853495134045,79.18708333333333,103.68,62.47,41.21000000000001,12.399807670025503,3093.0833333333335,7076.0,1468.0,5608.0,1615.0913802836876,2542.7083333333335,6864.5,0.0,6864.5,2647.9366943563514
2024-06-24,23906.854166666668,28498.0,18069.5,10428.5,3226.301929586171,84.46083333333333,103.45,71.16,32.290000000000006,9.534015494495245,3540.0833333333335,5189.0,2704.0,2485.0,534.3048239792863,3132.9583333333335,8639.0,0.0,8639.0,3308.081336458218
2024-06-25,24203.083333333332,28775.5,19098.0,9677.5,2920.5228524844774,85.26916666666666,104.32,72.84,31.47999999999999,9.583556078066705,2436.3333333333335,4600.0,1339.0,3261.0,843.2353669397239,3328.7291666666665,9234.0,0.0,9234.0,3551.3873620318127
2024-06-26,23661.625,28727.5,19193.0,9534.5,2882.6017808871743,82.70875,103.36,66.72,36.64,10.44672876300644,3535.2083333333335,9235.0,1906.0,7329.0,2006.8633319115215,3391.0208333333335,9588.0,0.0,9588.0,3654.8512147173674
2024-06-27,21575.8125,25472.0,17437.5,8034.5,2547.832095572285,58.45666666666667,82.05,28.56,53.489999999999995,16.929462783707212,12785.416666666666,16491.0,8944.0,7547.0,2824.057810047938,3170.5208333333335,8878.0,0.0,8878.0,3390.918377843866
2024-06-28,21104.8125,25083.0,15627.0,9456.0,2865.7231154081846,45.58625,86.61,15.34,71.27,25.28575072395346,13868.416666666666,17302.0,6823.0,10479.0,3569.8844691654135,3020.75,8095.5,0.0,8095.5,3147.1626973320367
2024-06-29,19776.5,24209.0,16306.0,7903.0,2369.709237346476,71.13083333333334,96.75,39.03,57.72,16.100081532784817,5716.666666666667,6363.0,4491.0,1872.0,522.6913351912945,3059.3958333333335,8570.5,0.0,8570.5,3281.758651603312
2024-06-30,20665.833333333332,25658.5,16152.0,9506.5,2956.5799192378636,79.05291666666666,101.96,67.03,34.92999999999999,11.074285718124967,4082.375,5379.0,2372.0,3007.0,966.9131435521572,3043.4166666666665,8487.5,0.0,8487.5,3249.508162338025
2024-07-01,23451.125,27500.0,17719.0,9781.0,3353.063619418749,80.45291666666667,94.51,60.12,34.39000000000001,8.824997834297882,7085.458333333333,11905.0,2511.0,9394.0,3761.5991046728204,2361.3333333333335,6483.0,0.0,6483.0,2493.8122408781346
2024-07-02,24029.833333333332,28201.0,18118.5,10082.5,3316.540810735692,77.43041666666666,101.64,51.42,50.22,14.87075433868267,7308.25,10016.0,4987.0,5029.0,1474.1831415338497,2423.2708333333335,6617.0,0.0,6617.0,2528.9292801292263
2024-07-03,23854.75,27756.0,18019.5,9736.5,3539.760453083992,75.05375,95.67,25.35,70.32,16.287925058686614,10758.958333333334,15087.0,5652.0,9435.0,3463.36578538938,1629.8125,4999.5,0.0,4999.5,1835.1493589996855
2024-07-04,20478.75,25749.0,16605.0,9144.0,2701.7172638736715,31.1375,72.22,6.53,65.69,21.916313409838363,15325.541666666666,15981.0,14740.0,1241.0,260.45478271780655,3272.3515774509847,8720.5,-1.5621411763661008,8722.062141176366,3412.0019026549458
2024-07-05,23098.4375,27688.0,17129.0,10559.0,3301.9460148606836,52.78958333333333,87.25,-2.49,89.74,27.28873831728531,8489.208333333334,15956.0,4244.0,11712.0,4212.777427109381,-19.760436450848612,-3.112019557992874,-35.37469098735445,32.262671429361575,9.922375158980655
2024-07-06,20338.895833333332,23684.5,17509.0,6175.5,2003.1201095940671,43.685,73.82,-1.57,75.38999999999999,22.055844734594086,8911.291666666666,11366.0,4589.0,6777.0,2292.997060601592,-49.89414784003889,-36.63026229523737,-62.12387102849049,25.49360873325312,7.842268616005227
2024-07-07,20871.083333333332,25292.0,16260.5,9031.5,2794.409541997342,60.98041666666666,94.84,40.25,54.59,18.23007679135885,4602.791666666667,9349.0,2421.0,6928.0,2123.6369332528016,-72.96448945937688,-63.08513526262959,-81.80968129977428,18.72454603714469,5.762854384866175
2024-07-08,24195.604166666668,28618.5,18561.5,10057.0,3496.218596971301,81.68833333333333,99.5,61.06,38.44,12.051415816758038,1615.7083333333333,4655.0,638.0,4017.0,1034.168789485028,-88.9714613088626,-82.47663846016953,-94.43212180120577,11.955483341036242,3.6853045521813548
2024-07-09,24426.604166666668,28834.5,17627.0,11207.5,3943.809370060017,68.82083333333334,90.51,37.56,52.95,14.894059194033112,8165.675859788287,9834.0,5078.0,4756.0,1448.6945483006493,-97.915063388496,-94.80477188785714,-99.99119253278494,5.186420644927793,1.616822188446404
2024-07-10,23531.375,27871.5,18202.0,9669.5,3064.2729269195615,64.06291666666667,86.7,43.46,43.24,13.91368968636306,9520.107489597054,11450.279407327112,7032.948791127076,4417.330616200036,1595.2788879064715,-99.79529569827713,-98.48689349451186,-100.28207493361192,1.7951814391000624,0.5553590742419766
2024-07-11,23844.833333333332,28137.0,18537.0,9600.0,3079.1158339433387,75.35708333333334,95.4,54.11,41.290000000000006,11.913107315297596,5722.166666666667,8945.0,4196.0,4749.0,1443.0197102111854,-94.61215823820599,-89.91922468638647,-98.27092943367556,8.35170474728909,2.5815496855958098
2024-07-12,24069.354166666668,27795.0,18332.5,9462.5,3223.1975161022897,74.835,93.69,60.78,32.91,9.610446309140364,5571.333333333333,6310.0,4734.0,1576.0,480.07333377006194,-82.36599223398402,-74.29637552524441,-89.40895355180636,15.112578026561948,4.65578026402509
2024-07-13,21366.5625,24733.5,17600.0,7133.5,2231.9224814753798,65.8,88.63,48.12,40.51,11.977199716272509,4856.166666666667,8164.0,4095.0,4069.0,1022.5289904114624,-64.9407047834945,-56.712163282811936,-73.51636556742713,16.804202284615194,5.167027333123727
2024-07-14,20942.270833333332,25599.5,16496.5,9103.0,2957.3238231886726,64.78458333333333,96.3,37.95,58.349999999999994,18.55325143874451,6633.25,8749.0,2513.0,6236.0,2254.7021831680136,-48.59130422060772,-41.49878946510717,-56.03093825935833,14.532148794251157,4.468634527277124
2024-07-15,24950.354166666668,30249.0,18032.5,12216.5,3980.1814151333833,79.43625,97.14,64.37,32.769999999999996,9.286678075281445,2159.625,4751.0,1082.0,3669.0,1043.6139054725422,-34.61274208244863,-28.656254072130107,-40.916349376017216,12.260095303887109,3.7702869839339797
2024-07-16,24452.625,27865.0,18921.0,8944.0,3116.913862649066,71.63,91.88,54.91,36.97,10.813966412247506,5503.458333333333,7394.0,3437.0,3957.0,1092.2657336797736,-23.005018369017225,-18.18455710388072,-28.1725989174038,9.988041813523079,3.072015571216047
2024-07-17,23518.520833333332,27450.0,18968.5,8481.5,2717.7300249799523,73.17458333333333,94.09,60.62,33.470000000000006,9.699307451371562,2860.1666666666665,5372.0,1801.0,3571.0,979.1081863510846,-13.76813308031352,-10.083698560359036,-17.79968688351807,7.715988323159035,2.3738874708142523
2024-07-18,23051.020833333332,27723.0,18889.5,8833.5,2773.157106350742,73.64583333333333,94.89,58.81,36.08,10.551334107556036,5848.416666666667,7136.0,5009.0,2127.0,686.0846643575899,-6.902086216337509,-4.353678441565045,-9.797613274360035,5.44393483279499,1.676081771306827
2024-07-19,22791.270833333332,26700.0,19184.5,7515.5,2442.9439206717584,67.98583333333333,88.14,34.33,53.81,14.49041659816604,6429.333333333333,8426.0,4510.0,3916.0,1303.4720412493853,-2.4068777770891923,-0.994496747498747,-4.166378089929699,3.171881342430952,0.9792879095793692
2024-07-20,22368.4375,26159.0,18375.0,7784.0,2561.5110745523543,77.705,98.14,64.5,33.64,9.72940098249943,3362.4583333333335,7658.0,2053.0,5605.0,1563.1379804785286,-0.2822513676452281,0.0020374392283233,-0.9059813302270542,0.9080187694553775,0.2911276216394954
2024-07-21,20399.708333333332,25374.0,16981.5,8392.5,2808.908607165033,64.34041666666667,92.98,40.48,52.50000000000001,15.881848397289682,3531.5416666666665,4584.0,2160.0,2424.0,791.8254078073495,2651.8541666666665,7762.5,0.0,7762.5,2956.4313699457452
2024-07-22,23922.3125,28150.0,17726.0,10424.0,3399.383958936051,73.38708333333334,91.02,57.5,33.519999999999996,10.195218606167119,6038.0,8289.0,3880.0,4409.0,1474.4891819969678,2404.7083333333335,6957.5,0.0,6957.5,2674.46358667477
2024-07-23,24135.229166666668,28287.0,19095.0,9192.0,2887.6740375903214,77.58083333333333,96.73,62.34,34.39,9.927216395461459,2628.5416666666665,3767.0,730.0,3037.0,819.4238155513628,2944.8958333333335,8430.5,0.0,8430.5,3270.795558652913
2024-07-24,23618.625,28042.0,19097.5,8944.5,2848.214903385903,73.75125,90.44,48.98,41.46,9.958664268953898,3685.625,11082.0,629.0,10453.0,3310.857577235712,2867.7708333333335,8003.0,0.0,8003.0,3130.5018974570007
2024-07-25,24497.5,28573.5,18318.5,10255.0,3573.5523824948723,68.38250000000001,87.56,38.56,49.0,14.649294166109755,7598.041666666667,10362.0,6430.0,3932.0,1064.8978917847178,1366.8958333333333,4030.0,0.0,4030.0,1507.4237234950883
2024-07-26,22249.145833333332,25829.0,18201.5,7627.5,2337.861120578449,72.6125,93.98,55.43,38.550000000000004,11.659253182884774,4040.7916666666665,5993.0,2455.0,3538.0,1110.6189413885456,2948.6458333333335,8578.5,0.0,8578.5,3263.5912816857026
2024-07-27,20482.979166666668,24775.5,17672.0,7103.5,2332.116031489365,74.81833333333334,93.66,61.47,32.19,8.846463143252654,1370.5833333333333,2438.0,1045.0,1393.0,337.74571302485344,2717.1458333333335,7538.0,0.0,7538.0,2925.540386645675
2024-07-28,19363.25,25000.0,16913.5,8086.5,2918.9196370962477,66.41958333333334,91.9,45.03,46.870000000000005,12.854407966400732,1962.625,6004.0,765.0,5239.0,1473.668206787285,3508.6458333333335,10029.5,0.0,10029.5,3873.0972733301624
2024-07-29,22381.291666666668,27877.0,17920.0,9957.0,3108.7846007468215,70.17625,92.86,44.8,48.06,13.247780720624085,5916.958333333333,8001.0,4905.0,3096.0,661.7088864163142,3367.6666666666665,9573.0,0.0,9573.0,3722.5502673239516
2024-07-30,23130.791666666668,28100.0,19182.5,8917.5,2766.5487325353142,76.43583333333333,97.47,63.12,34.35,10.223035334443258,3305.5833333333335,6566.0,2338.0,4228.0,1094.509932688426,3380.7708333333335,9714.0,0.0,9714.0,3780.93833528124
2024-07-31,23932.9375,28441.5,19031.5,9410.0,2886.823085769652,77.74791666666667,97.32,64.7,32.61999999999999,9.263295957312039,2541.75,3166.0,1997.0,1169.0,405.91852363015823,2961.2708333333335,8683.0,0.0,8683.0,3332.5044537599206
2024-08-01,24168.979166666668,28310.0,19338.0,8972.0,2771.541434555894,79.85291666666667,100.09,67.67,32.42,9.446571717302785,1844.375,3035.0,1208.0,1827.0,521.2738421197258,2663.6666666666665,7854.5,0.0,7854.5,3004.4973270758283
2024-08-02,22991.458333333332,26440.5,19421.0,7019.5,2272.0314933741693,68.43375,86.71,27.18,59.529999999999994,15.842357864831587,6474.958333333333,10334.0,1997.0,8337.0,3164.827689233054,2994.25,8734.0,0.0,8734.0,3374.8257056444054
2024-08-03,20783.729166666668,24717.0,18078.5,6638.5,2156.9159745540005,71.90208333333334,89.27,51.49,37.779999999999994,10.417226109614816,3855.4166666666665,4691.0,2778.0,1913.0,577.6561273363899,2387.3541666666665,7205.5,0.0,7205.5,2747.824647430283
2024-08-04,20124.729166666668,24207.5,17148.5,7059.0,2193.7443570058313,68.18541666666667,85.85,40.66,45.19,12.377274048122178,5451.916666666667,11865.0,1716.0,10149.0,3409.579661925278,2243.4583333333335,6615.5,0.0,6615.5,2540.8650697225607
2024-08-05,22393.75,27699.5,16250.0,11449.5,3475.8763267887457,64.94916666666667,91.45,40.76,50.690000000000005,15.169467307911544,11126.041666666666,12047.0,8020.0,4027.0,1117.175572172062,2501.6041666666665,7349.5,0.0,7349.5,2836.31131768913
2024-08-06,23186.0,27147.0,18544.0,8603.0,2851.1185791148555,73.26666666666667,91.72,54.63,37.089999999999996,12.146966938174376,7135.208333333333,9192.0,5171.0,4021.0,1410.2673190682272,2090.2291666666665,6222.0,0.0,6222.0,2397.9227966466174
2024-08-07,22487.145833333332,27650.0,17435.5,10214.5,3125.496480488675,59.01541666666666,86.79,34.31,52.480000000000004,14.69811019475298,11644.583333333334,14170.0,8271.0,5899.0,2017.6683684212167,2503.0625,7056.5,0.0,7056.5,2768.9770411867926
2024-08-08,23636.020833333332,28198.5,17415.0,10783.5,3914.355962016382,60.60125,81.23,5.56,75.67,20.10732968509786,10050.0,15564.0,5621.0,9943.0,3384.9401253454857,1697.7708333333333,5114.0,0.0,5114.0,1955.9765157030602
2024-08-09,20310.416666666668,24640.0,16288.0,8352.0,2673.7356242541623,20.434583333333332,72.74,-15.03,87.77,29.447412077799132,13912.791666666666,16048.0,10128.0,5920.0,2021.3199944411413,2795.8958333333335,8583.5,0.0,8583.5,3296.879272028278
2024-08-10,20271.895833333332,24401.0,16300.5,8100.5,2522.4564501741893,45.39833333333333,86.95,18.3,68.65,23.134600036321775,9986.875,12879.0,4492.0,8387.0,2407.79266246801,2196.2291666666665,6414.0,0.0,6414.0,2489.289600857724
2024-08-11,19587.166666666668,24685.0,16945.5,7739.5,2512.0769584006653,53.0875,86.9,22.08,64.82000000000001,16.617363954087566,3567.1666666666665,12180.0,1244.0,10936.0,2963.682795129217,3200.3125,9622.0,0.0,9622.0,3697.155392450243
2024-08-12,22913.020833333332,28380.5,16375.5,12005.0,3663.4508959365626,63.97708333333333,101.92,28.5,73.42,22.449222602821116,11577.5,15115.0,5872.0,9243.0,3208.8984565342403,2869.7083333333335,8559.0,0.0,8559.0,3312.12254589983
2024-08-13,22972.083333333332,27879.0,18101.5,9777.5,2962.6376272073717,66.59,98.24,28.43,69.81,20.97410328704548,7354.958333333333,9613.0,5271.0,4342.0,1486.4323930330534,2671.2083333333335,7974.0,0.0,7974.0,3098.0280646715833
2024-08-14,23931.458333333332,27831.0,18602.5,9228.5,3267.4018395044545,79.50375,102.36,56.26,46.1,13.42976862518811,3657.3333333333335,9401.0,1638.0,7763.0,2139.2386225145547,2381.5,7148.5,0.0,7148.5,2761.245977421441
2024-08-15,22772.75,27560.5,17039.5,10521.0,3178.438846352089,62.04541666666666,95.1,28.02,67.08,19.931164581076818,11593.25,13869.0,9791.0,4078.0,1371.8813882687746,2147.2083333333335,6415.5,0.0,6415.5,2509.0927942908606
2024-08-16,21811.958333333332,25986.0,18552.0,7434.0,2569.901528804873,61.89208333333334,95.91,17.89,78.02,23.68366855748027,8622.833333333334,10146.0,7393.0,2753.0,740.4672829379083,2813.3958333333335,8471.0,0.0,8471.0,3287.3969614507764
2024-08-17,19669.458333333332,25156.0,16961.0,8195.0,2749.5372453207083,50.35166666666667,93.25,-0.39,93.64,31.015153192209638,6545.416666666667,7786.0,5167.0,2619.0,810.8126849926113,2804.6458333333335,8398.5,0.0,8398.5,3267.0093440170826
2024-08-18,19198.895833333332,24829.0,16005.0,8824.0,3019.663499749768,58.08958333333334,99.39,29.89,69.5,23.19890898468525,8002.041666666667,9992.0,4640.0,5352.0,1498.3707232442061,2827.9791666666665,8395.5,0.0,8395.5,3280.759792298804
2024-08-19,22675.791666666668,27259.5,17385.0,9874.5,3369.3818066609733,72.06125,92.85,16.77,76.08,19.11744032177221,9723.75,16738.0,4201.0,12537.0,5037.811932299318,2454.5625,7644.0,0.0,7644.0,2934.154075236722
2024-08-20,21513.520833333332,25997.0,17084.5,8912.5,2960.3495110895205,42.187916666666666,80.68,8.07,72.61000000000001,25.64782539797336,13574.166666666666,15485.0,11652.0,3833.0,1215.0420878975012,2395.8333333333335,7361.0,0.0,7361.0,2865.334981807714
2024-08-21,21746.625,26493.5,16728.0,9765.5,3206.448164483832,51.181666666666665,95.0,12.79,82.21000000000001,25.021223281301687,14861.416666666666,18948.0,11822.0,7126.0,2204.8881647014605,2493.0416666666665,7770.5,0.0,7770.5,2974.014856680044
2024-08-22,22149.604166666668,28081.5,14978.5,13103.0,3917.2671845559976,44.28375,94.56,1.87,92.69,30.20266167546511,17186.375,19673.0,8443.0,11230.0,3389.0531037765386,1441.2291666666667,4544.0,0.0,4544.0,1744.3034861287797
2024-08-23,20432.416666666668,25907.5,16247.5,9660.0,2992.6785866825735,35.721250000000005,96.92,-14.33,111.25,36.99281390997799,11255.166666666666,14444.0,8390.0,6054.0,2164.8755294406683,2526.625,8495.5,0.0,8495.5,3200.6792426187344
2024-08-24,20717.25,24184.5,16826.0,7358.5,2563.3687074696813,49.57375,78.21,27.45,50.75999999999999,16.194812592040215,10070.833333333334,15639.0,6786.0,8853.0,2932.0265089653194,1962.3541666666667,6130.0,0.0,6130.0,2382.622470410204
2024-08-25,18140.0625,22864.0,15310.0,7554.0,2579.7792006652003,22.45958333333333,73.2,3.85,69.35000000000001,22.937705711275953,14730.083333333334,15711.0,13173.0,2538.0,774.6315206300503,2144.375,6620.5,0.0,6620.5,2544.369740230378
2024-08-26,19611.145833333332,26433.0,15424.5,11008.5,3360.115472521374,43.26166666666666,108.97,1.65,107.32,37.71351939195726,9132.5,13014.0,5380.0,7634.0,2480.1011374889367,2505.2083333333335,7891.5,0.0,7891.5,3041.261776605326
2024-08-27,22281.229166666668,28086.0,15768.0,12318.0,3725.7801546007354,62.844166666666666,103.52,26.18,77.34,23.81011420396377,12901.833333333334,15399.0,9410.0,5989.0,1901.5538192584065,2173.3958333333335,6882.5,0.0,6882.5,2650.9865800062416
2024-08-28,24135.541666666668,29027.0,18442.5,10584.5,3356.2793482375387,84.65625,110.17,63.1,47.07,13.978450437385215,6769.958333333333,8700.0,5950.0,2750.0,729.4027025835812,2198.2708333333335,6989.0,0.0,6989.0,2690.9199856391715
2024-08-29,23077.708333333332,28267.0,18305.5,9961.5,3106.4828669310623,80.6425,111.0,47.2,63.8,18.293009177896582,5638.208333333333,6516.0,4913.0,1603.0,521.2665160904752,2626.7708333333335,8286.0,0.0,8286.0,3192.4023800374603
2024-08-30,22907.854166666668,27981.5,18483.5,9498.0,2867.6673389600824,89.13208333333334,114.12,71.05,43.07000000000001,12.622266722350032,2990.125,5517.0,1418.0,4099.0,1312.9449908176061,2823.9166666666665,8949.5,0.0,8949.5,3447.213605932701
2024-08-31,20396.520833333332,25630.5,17752.0,7878.5,2597.4988868021505,70.31208333333333,99.7,29.72,69.98,21.344198474397974,6923.208333333333,12681.0,3340.0,9341.0,2879.63705411043,2298.6041666666665,7276.0,0.0,7276.0,2814.5453335005477
2024-09-01,21246.8125,27283.5,16140.5,11143.0,3569.6576617388528,63.382083333333334,106.16,38.46,67.69999999999999,24.499161295168175,9172.75,12179.0,4756.0,7423.0,2566.025962286904,1763.7083333333333,5758.0,0.0,5758.0,2212.3300814961485
2024-09-02,25946.020833333332,31162.5,18225.0,12937.5,4527.9921778411435,90.46749999999999,117.35,76.69,40.66,11.831327703068297,3302.0833333333335,5913.0,2322.0,3591.0,959.2944380327554,1310.5416666666667,4385.0,0.0,4385.0,1648.3761635164697
2024-09-03,24990.166666666668,29993.0,18781.0,11212.0,3719.119720142606,90.16083333333334,117.66,70.8,46.86,13.899837320495225,3715.9166666666665,5573.0,1909.0,3664.0,1098.8163954976692,2136.9166666666665,6989.5,0.0,6989.5,2676.083440349001
2024-09-04,24981.208333333332,30344.5,19064.0,11280.5,3731.168979651034,93.92708333333333,120.33,77.11,43.22,12.96489188377485,1995.4166666666667,3705.0,1208.0,2497.0,788.5086041639494,2294.5833333333335,7414.5,0.0,7414.5,2847.7245136770343
2024-09-05,25194.541666666668,29703.0,17984.0,11719.0,4368.01007055264,82.70791666666666,107.37,48.86,58.510000000000005,14.003380330777485,6581.875,9452.0,4066.0,5386.0,1235.9612106091497,1286.9375,4238.5,0.0,4238.5,1604.7167860140362
2024-09-06,24563.520833333332,28995.0,18051.5,10943.5,3675.6094332870643,75.31750000000001,111.75,42.01,69.74000000000001,20.755234908016735,7268.958333333333,9445.0,3594.0,5851.0,1983.5066769030166,1978.4791666666667,6450.0,0.0,6450.0,2478.06984618888
2024-09-07,23271.25,28464.5,18169.5,10295.0,3183.933150106616,87.89083333333333,111.48,76.14,35.34,10.504445401276826,2036.2083333333333,3017.0,1397.0,1620.0,464.0503139106574,1660.2083333333333,5700.5,0.0,5700.5,2120.0171549586203
2024-09-08,22558.270833333332,27786.5,17895.0,9891.5,3391.8426343314986,79.32041666666667,101.15,66.33,34.82000000000001,9.755771303791624,3390.7916666666665,5876.0,2330.0,3546.0,1114.9296713701046,1656.9791666666667,5676.5,0.0,5676.5,2124.603095819192
2024-09-09,23906.833333333332,30006.0,17032.0,12974.0,4173.837832693454,70.74374999999999,104.8,38.88,65.91999999999999,18.957410117670747,8309.458333333334,11634.0,5897.0,5737.0,1733.9743235440785,1745.3333333333333,5805.5,0.0,5805.5,2199.4972778710867
2024-09-10,23088.375,29565.0,16232.0,13333.0,4113.906651859932,56.525416666666665,97.02,10.37,86.64999999999999,24.56105842839816,15900.416666666666,17620.0,12333.0,5287.0,1473.6802472091742,1604.2083333333333,5306.5,0.0,5306.5,2012.3639890127636
2024-09-11,23452.395833333332,30147.0,17286.0,12861.0,3850.131581543581,34.793749999999996,93.87,-4.36,98.23,35.65061714356978,14350.916666666666,15101.0,13501.0,1600.0,527.1284734637588,2349.5625,7218.5,0.0,7218.5,2860.1781424927854
2024-09-12,25111.895833333332,31768.5,18701.0,13067.5,3880.8972236348454,77.43458333333334,110.44,46.24,64.19999999999999,21.478061603730044,10032.583333333334,13305.0,7525.0,5780.0,1805.8713882817055,2416.7291666666665,7717.0,0.0,7717.0,2969.4483310627666
2024-09-13,24877.104166666668,30815.5,19445.0,11370.5,3505.927480645756,96.09541666666667,122.53,77.86,44.67,14.029877429557459,4424.875,7124.0,2470.0,4654.0,1638.2225604626178,2314.25,7643.5,0.0,7643.5,2887.5697657673854
2024-09-14,20797.895833333332,26274.5,17739.5,8535.0,2592.6581163436795,69.61458333333333,97.73,38.2,59.53,18.470710534381926,9338.291666666666,11460.0,5265.0,6195.0,2086.107243880577,2301.1875,7622.5,0.0,7622.5,2901.028902230395
2024-09-15,21706.875,28985.0,16504.0,12481.0,3882.2812356128056,73.63375,103.26,51.67,51.59,15.961027484769426,8031.458333333333,10347.0,4462.0,5885.0,1468.78109711144,1652.7083333333333,5394.0,0.0,5394.0,2091.6021158986914
2024-09-16,24854.9375,31432.5,18439.5,12993.0,4064.3866142717948,87.99208333333333,110.43,74.14,36.290000000000006,12.412732586083665,2654.2083333333335,4079.0,1608.0,2471.0,850.8884348862596,2292.0416666666665,7842.0,0.0,7842.0,2933.760181496816
2024-09-17,24625.604166666668,31549.5,19004.0,12545.5,3879.9803394256655,84.18083333333333,110.52,68.04,42.47999999999999,12.921024968317491,3576.375,4556.0,3017.0,1539.0,418.803659767656,2488.5416666666665,8211.0,0.0,8211.0,3138.828336222827
2024-09-18,24053.104166666668,30869.5,18821.5,12048.0,3644.311350164583,81.9675,106.02,66.14,39.879999999999995,12.250605752547417,4467.75,5558.0,4177.0,1381.0,338.68547034983163,2197.0625,7420.0,0.0,7420.0,2792.566566535632
2024-09-19,24506.916666666668,31018.5,18720.0,12298.5,3806.6900881916076,82.10458333333334,105.5,68.09,37.41,12.360751341722077,4018.0,5242.0,3175.0,2067.0,557.2172318568952,2145.8958333333335,7625.0,0.0,7625.0,2805.667075523669
2024-09-20,24682.229166666668,30051.0,18198.5,11852.5,3842.1539418131824,77.84666666666666,97.45,61.76,35.690000000000005,11.639551263824067,5973.625,7620.0,4715.0,2905.0,662.698292719932,1740.6458333333333,6342.5,0.0,6342.5,2330.603432212944
2024-09-21,22033.458333333332,27468.0,17548.5,9919.5,2940.7178985849655,72.78166666666667,97.48,48.64,48.84,13.604999613846138,5089.125,6672.0,4151.0,2521.0,650.8633271679805,1854.4375,6468.0,0.0,6468.0,2428.939772789139
2024-09-22,23169.375,29092.5,16952.5,12140.0,4049.6335294475825,82.39916666666666,105.79,66.32,39.47000000000001,10.819199486848921,4009.875,5460.0,2447.0,3013.0,1031.861817193856,1056.8333333333333,3797.5,0.0,3797.5,1409.8670047257976
2024-09-23,27056.5,32936.5,18148.5,14788.0,5331.413861338244,88.93083333333334,108.59,71.71,36.88000000000001,11.614566535049914,3193.5833333333335,3806.0,2525.0,1281.0,449.2818343386105,1042.5625,3748.0,0.0,3748.0,1389.042556650005
2024-09-24,26559.0,32330.5,19069.0,13261.5,4476.7235058495735,83.92458333333333,110.22,68.36,41.86,12.65945804842017,3915.125,7067.0,2604.0,4463.0,1056.198775449427,1595.7291666666667,5782.0,0.0,5782.0,2130.3318734064537
2024-09-25,27233.083333333332,33050.0,19400.0,13650.0,5065.014218759104,89.02791666666667,116.33,60.94,55.39,15.56104220807364,3919.5416666666665,10230.0,1027.0,9203.0,2727.837509172655,965.8541666666666,3361.5,0.0,3361.5,1284.5786949269184
2024-09-26,25209.0625,31472.5,17943.0,13529.5,4604.883991156657,72.61166666666666,100.28,38.85,61.43,15.624648772864058,12831.958333333334,15176.0,10529.0,4647.0,1063.7897176631277,1228.3125,4632.5,0.0,4632.5,1684.530142286489
2024-09-27,24549.1875,30933.0,17081.0,13852.0,4295.848829956305,58.4175,93.31,18.09,75.22,23.113727005547087,14405.125,15390.0,11876.0,3514.0,872.2208691410771,1333.2708333333333,4834.5,0.0,4834.5,1786.9133940423555
2024-09-28,23600.0625,30198.0,19023.0,11175.0,3375.0447575534654,71.71458333333334,108.44,39.68,68.75999999999999,21.229102866454163,6418.958333333333,11004.0,4027.0,6977.0,2060.9694527442484,2060.6875,7289.0,0.0,7289.0,2743.636922251431
2024-09-29,22919.6875,28736.0,18190.0,10546.0,3414.6978025705926,75.17375,96.38,9.43,86.94999999999999,20.410542632264296,10024.541666666666,17031.0,4139.0,12892.0,4867.225296320781,921.2916666666666,3495.5,0.0,3495.5,1278.785207485627
2024-09-30,27188.4375,33877.5,17812.0,16065.5,5713.935229869281,75.03125,112.93,10.59,102.34,32.860597035050965,11385.708333333334,15541.0,8376.0,7165.0,2421.9310563405115,761.5,2963.5,0.0,2963.5,1080.5120364297497
2024-10-01,27300.770833333332,33750.0,18779.0,14971.0,5084.918991657684,75.39083333333333,106.72,41.01,65.71000000000001,20.557465568004975,10433.291666666666,11096.0,9341.0,1755.0,542.1866740272708,1286.6458333333333,4623.5,0.0,4623.5,1739.420827391834
2024-10-02,27398.625,34688.0,19618.0,15070.0,4678.794438393199,75.10458333333334,107.26,38.52,68.74000000000001,19.992772167692888,8916.0,9734.0,7279.0,2455.0,674.3585035456641,1496.6875,5568.0,0.0,5568.0,2052.364531421491
2024-10-03,26951.0,34280.5,20511.0,13769.5,4335.92074620735,91.4175,121.54,72.08,49.46000000000001,14.204800551069074,4586.166666666667,6866.0,3070.0,3796.0,1349.1988175489043,1707.894945596169,6331.0,-0.0213056919480804,6331.021305691948,2333.740170942468
2024-10-04,25821.270833333332,32936.5,20126.5,12810.0,3985.0462710181655,85.30333333333333,112.49,67.81,44.67999999999999,13.045191240175576,7971.125,10776.0,6800.0,3976.0,1079.3916689506175,-0.04312421072819783,0.0001799569595838,-0.0900365068376364,0.09021646379722019,0.03408166585878631
2024-10-05,22261.333333333332,29170.0,18503.0,10667.0,3321.0238457526875,60.6975,94.68,20.06,74.62,23.83919758096627,12163.75,14849.0,10085.0,4764.0,1662.0997524085378,1631.2708333333333,6140.0,0.0,6140.0,2257.1697455921803
2024-10-06,24571.395833333332,32230.5,17484.0,14746.5,4755.954009767691,70.1725,110.53,24.4,86.13,26.99266313359018,12526.541666666666,14803.0,8325.0,6478.0,2216.093056026982,831.1041666666666,3174.0,0.0,3174.0,1179.1165906430585
2024-10-07,27264.854166666668,34902.0,19447.5,15454.5,4802.8342684728,93.27375,126.92,66.23,60.69,16.605531507013993,6536.458333333333,8210.0,4371.0,3839.0,1238.3729149368833,1427.1666666666667,5391.5,0.0,5391.5,1992.4380938867373
2024-10-08,27127.770833333332,33799.5,20067.5,13732.0,4682.885528081198,92.2625,120.96,68.54,52.41999999999999,13.865348190174762,6063.416666666667,11893.0,3737.0,8156.0,2348.8039679185968,1191.375,4657.0,0.0,4657.0,1692.9264683304805
2024-10-09,26796.916666666668,32902.5,19165.5,13737.0,4787.508039876702,82.03125,110.93,36.62,74.31,17.98921520208584,12721.291666666666,15180.0,11762.0,3418.0,1154.9125500177079,1084.1875,4309.0,0.0,4309.0,1559.6262290000072
2024-10-10,27861.104166666668,35895.5,19364.0,16531.5,5113.345475915826,79.8225,119.75,34.88,84.87,23.589871675195138,10983.25,14877.0,8117.0,6760.0,2469.597172749469,1451.5416666666667,5741.5,0.0,5741.5,2073.059946472042
2024-10-11,27635.4375,34411.5,21397.5,13014.0,4212.801459507468,88.91000000000001,126.13,71.6,54.53,15.545660655546014,8160.041666666667,9730.0,7205.0,2525.0,758.0164893908352,1866.3125,7325.0,0.0,7325.0,2649.3191939772164
2024-10-12,24435.916666666668,29950.0,19454.0,10496.0,3315.94354617947,73.10958333333333,99.16,29.29,69.87,16.614825092739277,12024.375,16360.0,8831.0,7529.0,2956.412894216056,1296.2708333333333,5212.5,0.0,5212.5,1887.843708867956
2024-10-13,26333.6875,34650.0,18569.0,16081.0,5244.358417701369,83.18083333333333,131.06,26.67,104.39,29.754581366889372,6356.5,15272.0,1694.0,13578.0,4440.513121544479,1134.2291666666667,4602.0,0.0,4602.0,1655.9579650932558
2024-10-14,29453.3125,37000.5,20472.0,16528.5,5579.740999935276,96.22791666666666,132.82,75.17,57.64999999999999,17.054234200534086,5061.041666666667,6867.0,3440.0,3427.0,1231.8313859476866,1038.8333333333333,4235.5,0.0,4235.5,1536.6967089710054
2024-10-15,28415.395833333332,35371.0,20345.0,15026.0,5258.539309871148,80.78916666666667,113.84,18.77,95.07000000000001,21.78309773887657,12443.25,16352.0,6406.0,9946.0,3090.242318485159,737.0625,3033.0,0.0,3033.0,1092.9805212523033
2024-10-16,28662.270833333332,36209.5,19020.5,17189.0,5712.053319952632,78.46291666666666,127.14,15.12,112.02,33.310068915017105,13737.958333333334,16405.0,8674.0,7731.0,2222.981829790721,521.0833333333334,2183.0,0.0,2183.0,782.9451042262696
2024-10-17,27117.583333333332,34619.0,20282.0,14337.0,4372.291013890193,92.11541666666666,148.63,66.58,82.05,20.407181595908973,5848.916666666667,8188.0,3742.0,4446.0,1422.1678160827043,1392.375,5642.5,0.0,5642.5,2055.3993225161867
2024-10-18,25988.25,32089.5,20009.5,12080.0,4112.791319138694,84.01958333333333,112.59,49.38,63.21,15.59540386004707,10742.666666666666,15650.0,3943.0,11707.0,3979.821447455046,1107.5625,4576.0,0.0,4576.0,1643.5196809214324
2024-10-19,24521.229166666668,31661.5,18882.0,12779.5,3920.9569344938973,78.88041666666666,123.03,41.45,81.58,21.528610787218394,6952.208333333333,11152.0,4444.0,6708.0,1801.3968488048552,1007.5625,4305.0,0.0,4305.0,1528.7769928115742
2024-10-20,22472.770833333332,29536.0,16579.0,12957.0,4232.937688864315,57.814166666666665,103.08,-5.46,108.53999999999999,27.991926773495848,17292.291666666668,20436.0,6517.0,13919.0,4202.861545673549,368.4791666666667,1444.0,0.0,1444.0,546.9415253533024
2024-10-21,26923.145833333332,34991.5,16201.5,18790.0,6208.039446659969,55.507083333333334,104.14,-5.16,109.3,34.6793826081104,16224.458333333334,19258.0,13522.0,5736.0,1946.4540999997416,1019.6041666666666,4393.5,0.0,4393.5,1557.3042411639099
2024-10-22,27751.9375,35792.5,19509.0,16283.5,5044.410034260695,80.92833333333333,131.87,35.96,95.91,25.24216721672491,10850.25,13826.0,7501.0,6325.0,1783.7019455152197,1313.9166666666667,5443.0,0.0,5443.0,1973.7896658275258
2024-10-23,27763.6875,35832.5,20198.5,15634.0,5078.7715966271335,92.42750000000001,124.5,63.47,61.03,14.578242647714855,10457.75,14857.0,8374.0,6483.0,2033.2836421820782,1027.1875,4250.0,0.0,4250.0,1552.8766210719184
2024-10-24,26918.875,35236.5,18786.0,16450.5,4766.936636534949,77.52291666666666,115.23,48.29,66.94,19.542668474985415,14858.125,16364.0,7876.0,8488.0,2033.0138114653073,1040.6041666666667,4390.5,0.0,4390.5,1578.122301834399
2024-10-25,28545.375,34860.5,20628.5,14232.0,4861.923859351402,103.47208333333333,157.91,83.27,74.64,20.15152189293526,3408.0833333333335,6572.0,2526.0,4046.0,1003.9679068431494,765.5625,3274.0,0.0,3274.0,1181.2616809866436
2024-10-26,24873.083333333332,31322.5,19698.5,11624.0,3421.6497249981194,90.49458333333332,117.89,74.82,43.07000000000001,11.60050297978747,6409.833333333333,8993.0,3452.0,5541.0,2008.343632182386,996.9166666666666,4312.5,0.0,4312.5,1535.316811001862
2024-10-27,24099.645833333332,33238.0,17913.0,15325.0,4584.543587067421,83.75818319183954,123.08,62.64,60.44,16.46619393961914,9111.340449642594,12035.0,7309.0,4726.0,1089.1676127417702,1511.368243333205,6482.5,-0.1621600030783637,6482.6621600030785,2313.4529042043882
2024-10-28,28262.729166666668,36963.0,17940.5,19022.5,6380.8561882555605,99.40416666666665,166.7,47.87,118.82999999999998,30.804181663712708,7640.916666666667,12206.0,3588.0,8618.0,3197.6354295916394,670.6458333333334,3020.5,0.0,3020.5,1066.1372319608713
2024-10-29,28793.0625,37058.5,20078.5,16980.0,5394.849567376234,109.71625,165.28,90.52,74.76,22.189525302542506,3356.1666666666665,4371.0,1698.0,2673.0,968.4423920227092,789.3541666666666,3639.0,0.0,3639.0,1265.2802360086314
2024-10-30,29171.479166666668,37013.5,20947.0,16066.5,5201.396136739272,110.33625,173.51,86.36,87.14999999999999,25.52624034588039,2349.75,6631.0,1479.0,5152.0,1375.059595546443,879.1458333333334,4002.5,0.0,4002.5,1409.009461497892
2024-10-31,23075.0,23075.0,23075.0,0.0,,84.01,84.01,84.01,0.0,,6971.0,6971.0,6971.0,0.0,,0.0,0.0,0.0,0.0,
